lacode,laname,UTLA,map_grouping,Country,restrictions,tier,local_socialgatheringsban,local_ruleofsix,local_householdmixing,local_smallgatherings,local_largegatherings,local_stayinglocal,local_stayinghome,local_notstayingaway,local_hospitalityclosures,local_openinghours,local_alcoholsalesrestrictions,national_socialgatherings,national_ruleofsix,national_householdmixing,national_smallgatherings,national_largegatherings,national_stayinglocal,national_stayinghome,national_notstayingaway,national_hospitalityclosures,national_openinghours,national_alcoholsalesrestrictions,national_travelrestrictions,url_local,url_national
S12000013,Na h-Eileanan Siar,,Na h-Eileanan Siar,S,Local,1,0,1,0,0,0,0,0,0,0,1,0,0,0,0,0,0,0,0,0,0,0,0,1,http://www.gov.scot/publications/coronavirus-covid-19-protection-levels/pages/protection-level-1/,
S12000017,Highland,,Highland,S,Local,1,0,1,1,0,0,0,0,0,0,1,0,0,0,0,0,0,0,0,0,0,0,0,1,http://www.gov.scot/publications/coronavirus-covid-19-protection-levels/pages/protection-level-1/,
S12000020,Moray,,Moray,S,Local,1,0,1,1,0,0,0,0,0,0,1,0,0,0,0,0,0,0,0,0,0,0,0,1,http://www.gov.scot/publications/coronavirus-covid-19-protection-levels/pages/protection-level-1/,
S12000023,Orkney Islands,,Orkney Islands,S,Local,1,0,1,0,0,0,0,0,0,0,1,0,0,0,0,0,0,0,0,0,0,0,0,1,http://www.gov.scot/publications/coronavirus-covid-19-protection-levels/pages/protection-level-1/,
S12000027,Shetland Islands,,Shetland Islands,S,Local,1,0,1,0,0,0,0,0,0,0,1,0,0,0,0,0,0,0,0,0,0,0,0,1,http://www.gov.scot/publications/coronavirus-covid-19-protection-levels/pages/protection-level-1/,
S12000006,Dumfries and Galloway,,Dumfries and Galloway,S,Local,1,0,1,1,0,0,0,0,0,0,1,0,0,0,0,0,0,0,0,0,0,0,0,1,http://www.gov.scot/publications/coronavirus-covid-19-protection-levels/pages/protection-level-1/,
S12000026,Scottish Borders,,Scottish Borders,S,Local,1,0,1,1,0,0,0,0,0,0,1,0,0,0,0,0,0,0,0,0,0,0,0,1,http://www.gov.scot/publications/coronavirus-covid-19-protection-levels/pages/protection-level-1/,
S12000035,Argyll and Bute,,Argyll and Bute,S,Local,2,0,1,1,0,0,0,0,0,0,1,1,0,0,0,0,0,0,0,0,0,0,0,1,http://www.gov.scot/publications/coronavirus-covid-19-protection-levels/pages/protection-level-2/,
S12000014,Falkirk,,Falkirk,S,Local,2,0,1,1,0,0,0,0,0,0,1,1,0,0,0,0,0,0,0,0,0,0,0,1,http://www.gov.scot/publications/coronavirus-covid-19-protection-levels/pages/protection-level-2/,
S12000018,Inverclyde,,Inverclyde,S,Local,2,0,1,1,0,0,0,0,0,0,1,1,0,0,0,0,0,0,0,0,0,0,0,1,http://www.gov.scot/publications/coronavirus-covid-19-protection-levels/pages/protection-level-2/,
S12000041,Angus,,Angus,S,Local,2,0,1,1,0,0,0,0,0,0,1,1,0,0,0,0,0,0,0,0,0,0,0,1,http://www.gov.scot/publications/coronavirus-covid-19-protection-levels/pages/protection-level-2/,
S12000033,Aberdeen City,,Aberdeen City,S,Local,3,0,1,1,0,0,1,0,0,0,1,1,0,0,0,0,0,0,0,0,0,0,0,1,http://www.gov.scot/publications/coronavirus-covid-19-protection-levels/pages/protection-level-3/,
S12000034,Aberdeenshire,,Aberdeenshire,S,Local,3,0,1,1,0,0,1,0,0,0,1,1,0,0,0,0,0,0,0,0,0,0,0,1,http://www.gov.scot/publications/coronavirus-covid-19-protection-levels/pages/protection-level-3/,
S12000005,Clackmannanshire,,Clackmannanshire,S,Local,3,0,1,1,0,0,1,0,0,0,1,1,0,0,0,0,0,0,0,0,0,0,0,1,http://www.gov.scot/publications/coronavirus-covid-19-protection-levels/pages/protection-level-3/,
S12000010,East Lothian,,East Lothian,S,Local,3,0,1,1,0,0,1,0,0,0,1,1,0,0,0,0,0,0,0,0,0,0,0,1,http://www.gov.scot/publications/coronavirus-covid-19-protection-levels/pages/protection-level-3/,
S12000019,Midlothian,,Midlothian,S,Local,3,0,1,1,0,0,1,0,0,0,1,1,0,0,0,0,0,0,0,0,0,0,0,1,http://www.gov.scot/publications/coronavirus-covid-19-protection-levels/pages/protection-level-3/,
S12000021,North Ayrshire,,North Ayrshire,S,Local,3,0,1,1,0,0,1,0,0,0,1,1,0,0,0,0,0,0,0,0,0,0,0,1,http://www.gov.scot/publications/coronavirus-covid-19-protection-levels/pages/protection-level-3/,
S12000036,City of Edinburgh,,City of Edinburgh,S,Local,3,0,1,1,0,0,1,0,0,0,1,1,0,0,0,0,0,0,0,0,0,0,0,1,http://www.gov.scot/publications/coronavirus-covid-19-protection-levels/pages/protection-level-3/,
S12000042,Dundee City,,Dundee City,S,Local,3,0,1,1,0,0,1,0,0,0,1,1,0,0,0,0,0,0,0,0,0,0,0,1,http://www.gov.scot/publications/coronavirus-covid-19-protection-levels/pages/protection-level-3/,
S12000047,Fife,,Fife,S,Local,3,0,1,1,0,0,1,0,0,0,1,1,0,0,0,0,0,0,0,0,0,0,0,1,http://www.gov.scot/publications/coronavirus-covid-19-protection-levels/pages/protection-level-3/,
S12000048,Perth and Kinross,,Perth and Kinross,S,Local,3,0,1,1,0,0,1,0,0,0,1,1,0,0,0,0,0,0,0,0,0,0,0,1,http://www.gov.scot/publications/coronavirus-covid-19-protection-levels/pages/protection-level-3/,
S12000008,East Ayrshire,,East Ayrshire,S,Local,3,0,1,1,0,0,1,0,0,0,1,1,0,0,0,0,0,0,0,0,0,0,0,1,http://www.gov.scot/publications/coronavirus-covid-19-protection-levels/pages/protection-level-3/,
S12000011,East Renfrewshire,,East Renfrewshire,S,Local,3,0,1,1,0,0,1,0,0,0,1,1,0,0,0,0,0,0,0,0,0,0,0,1,http://www.gov.scot/publications/coronavirus-covid-19-protection-levels/pages/protection-level-3/,
S12000028,South Ayrshire,,South Ayrshire,S,Local,3,0,1,1,0,0,1,0,0,0,1,1,0,0,0,0,0,0,0,0,0,0,0,1,http://www.gov.scot/publications/coronavirus-covid-19-protection-levels/pages/protection-level-3/,
S12000029,South Lanarkshire,,South Lanarkshire,S,Local,3,0,1,1,0,0,1,0,0,0,1,1,0,0,0,0,0,0,0,0,0,0,0,1,http://www.gov.scot/publications/coronavirus-covid-19-protection-levels/pages/protection-level-3/,
S12000030,Stirling,,Stirling,S,Local,3,0,1,1,0,0,1,0,0,0,1,1,0,0,0,0,0,0,0,0,0,0,0,1,http://www.gov.scot/publications/coronavirus-covid-19-protection-levels/pages/protection-level-3/,
S12000038,Renfrewshire,,Renfrewshire,S,Local,3,0,1,1,0,0,1,0,0,0,1,1,0,0,0,0,0,0,0,0,0,0,0,1,http://www.gov.scot/publications/coronavirus-covid-19-protection-levels/pages/protection-level-3/,
S12000039,West Dunbartonshire,,West Dunbartonshire,S,Local,3,0,1,1,0,0,1,0,0,0,1,1,0,0,0,0,0,0,0,0,0,0,0,1,http://www.gov.scot/publications/coronavirus-covid-19-protection-levels/pages/protection-level-3/,
S12000040,West Lothian,,West Lothian,S,Local,3,0,1,1,0,0,1,0,0,0,1,1,0,0,0,0,0,0,0,0,0,0,0,1,http://www.gov.scot/publications/coronavirus-covid-19-protection-levels/pages/protection-level-3/,
S12000045,East Dunbartonshire,,East Dunbartonshire,S,Local,3,0,1,1,0,0,1,0,0,0,1,1,0,0,0,0,0,0,0,0,0,0,0,1,http://www.gov.scot/publications/coronavirus-covid-19-protection-levels/pages/protection-level-3/,
S12000049,Glasgow City,,Glasgow City,S,Local,3,0,1,1,0,0,1,0,0,0,1,1,0,0,0,0,0,0,0,0,0,0,0,1,http://www.gov.scot/publications/coronavirus-covid-19-protection-levels/pages/protection-level-3/,
S12000050,North Lanarkshire,,North Lanarkshire,S,Local,3,0,1,1,0,0,1,0,0,0,1,1,0,0,0,0,0,0,0,0,0,0,0,1,http://www.gov.scot/publications/coronavirus-covid-19-protection-levels/pages/protection-level-3/,
W06000001,Isle of Anglesey,,Wales,W,National,4,0,0,0,0,0,0,0,0,0,0,0,1,0,0,0,0,0,1,0,1,0,0,1,,https://gov.wales/alert-level-4-guide
W06000002,Gwynedd,,Wales,W,National,4,0,0,0,0,0,0,0,0,0,0,0,1,0,0,0,0,0,1,0,1,0,0,1,,https://gov.wales/alert-level-4-guide
W06000003,Conwy,,Wales,W,National,4,0,0,0,0,0,0,0,0,0,0,0,1,0,0,0,0,0,1,0,1,0,0,1,,https://gov.wales/alert-level-4-guide
W06000004,Denbighshire,,Wales,W,National,4,0,0,0,0,0,0,0,0,0,0,0,1,0,0,0,0,0,1,0,1,0,0,1,,https://gov.wales/alert-level-4-guide
W06000005,Flintshire,,Wales,W,National,4,0,0,0,0,0,0,0,0,0,0,0,1,0,0,0,0,0,1,0,1,0,0,1,,https://gov.wales/alert-level-4-guide
W06000006,Wrexham,,Wales,W,National,4,0,0,0,0,0,0,0,0,0,0,0,1,0,0,0,0,0,1,0,1,0,0,1,,https://gov.wales/alert-level-4-guide
W06000008,Ceredigion,,Wales,W,National,4,0,0,0,0,0,0,0,0,0,0,0,1,0,0,0,0,0,1,0,1,0,0,1,,https://gov.wales/alert-level-4-guide
W06000009,Pembrokeshire,,Wales,W,National,4,0,0,0,0,0,0,0,0,0,0,0,1,0,0,0,0,0,1,0,1,0,0,1,,https://gov.wales/alert-level-4-guide
W06000010,Carmarthenshire,,Wales,W,National,4,0,0,0,0,0,0,0,0,0,0,0,1,0,0,0,0,0,1,0,1,0,0,1,,https://gov.wales/alert-level-4-guide
W06000011,Swansea,,Wales,W,National,4,0,0,0,0,0,0,0,0,0,0,0,1,0,0,0,0,0,1,0,1,0,0,1,,https://gov.wales/alert-level-4-guide
W06000012,Neath Port Talbot,,Wales,W,National,4,0,0,0,0,0,0,0,0,0,0,0,1,0,0,0,0,0,1,0,1,0,0,1,,https://gov.wales/alert-level-4-guide
W06000013,Bridgend,,Wales,W,National,4,0,0,0,0,0,0,0,0,0,0,0,1,0,0,0,0,0,1,0,1,0,0,1,,https://gov.wales/alert-level-4-guide
W06000014,Vale of Glamorgan,,Wales,W,National,4,0,0,0,0,0,0,0,0,0,0,0,1,0,0,0,0,0,1,0,1,0,0,1,,https://gov.wales/alert-level-4-guide
W06000015,Cardiff,,Wales,W,National,4,0,0,0,0,0,0,0,0,0,0,0,1,0,0,0,0,0,1,0,1,0,0,1,,https://gov.wales/alert-level-4-guide
W06000016,Rhondda Cynon Taf,,Wales,W,National,4,0,0,0,0,0,0,0,0,0,0,0,1,0,0,0,0,0,1,0,1,0,0,1,,https://gov.wales/alert-level-4-guide
W06000018,Caerphilly,,Wales,W,National,4,0,0,0,0,0,0,0,0,0,0,0,1,0,0,0,0,0,1,0,1,0,0,1,,https://gov.wales/alert-level-4-guide
W06000019,Blaenau Gwent,,Wales,W,National,4,0,0,0,0,0,0,0,0,0,0,0,1,0,0,0,0,0,1,0,1,0,0,1,,https://gov.wales/alert-level-4-guide
W06000020,Torfaen,,Wales,W,National,4,0,0,0,0,0,0,0,0,0,0,0,1,0,0,0,0,0,1,0,1,0,0,1,,https://gov.wales/alert-level-4-guide
W06000021,Monmouthshire,,Wales,W,National,4,0,0,0,0,0,0,0,0,0,0,0,1,0,0,0,0,0,1,0,1,0,0,1,,https://gov.wales/alert-level-4-guide
W06000022,Newport,,Wales,W,National,4,0,0,0,0,0,0,0,0,0,0,0,1,0,0,0,0,0,1,0,1,0,0,1,,https://gov.wales/alert-level-4-guide
W06000023,Powys,,Wales,W,National,4,0,0,0,0,0,0,0,0,0,0,0,1,0,0,0,0,0,1,0,1,0,0,1,,https://gov.wales/alert-level-4-guide
W06000024,Merthyr Tydfil,,Wales,W,National,4,0,0,0,0,0,0,0,0,0,0,0,1,0,0,0,0,0,1,0,1,0,0,1,,https://gov.wales/alert-level-4-guide
E06000006,Halton,Halton,Liverpool City Region,E,National,High,0,0,1,0,1,0,0,0,0,1,1,0,0,0,0,0,0,0,0,0,0,0,0,https://www.gov.uk/guidance/tier-2-high-alert,
E06000007,Warrington,Warrington,Warrington,E,National,High,0,0,1,0,1,0,0,0,0,1,1,0,0,0,0,0,0,0,0,0,0,0,0,https://www.gov.uk/guidance/tier-2-high-alert,
E06000014,York,York,York,E,National,High,0,0,1,0,1,0,0,0,0,1,1,0,0,0,0,0,0,0,0,0,0,0,0,https://www.gov.uk/guidance/tier-2-high-alert,
E06000017,Rutland,Rutland,Rutland,E,National,High,0,0,1,0,1,0,0,0,0,1,1,0,0,0,0,0,0,0,0,0,0,0,0,https://www.gov.uk/guidance/tier-2-high-alert,
E06000020,Telford and Wrekin,Telford and Wrekin,Telford and Wrekin,E,National,High,0,0,1,0,1,0,0,0,0,1,1,0,0,0,0,0,0,0,0,0,0,0,0,https://www.gov.uk/guidance/tier-2-high-alert,
E06000022,Bath and North East Somerset,Bath and North East Somerset,"Bristol, North Somerset and Bath & NES",E,National,High,0,0,1,0,1,0,0,0,0,1,1,0,0,0,0,0,0,0,0,0,0,0,0,https://www.gov.uk/guidance/tier-2-high-alert,
E06000023,"Bristol, City of","Bristol, City of","Bristol, North Somerset and Bath & NES",E,National,High,0,0,1,0,1,0,0,0,0,1,1,0,0,0,0,0,0,0,0,0,0,0,0,https://www.gov.uk/guidance/tier-2-high-alert,
E06000024,North Somerset,North Somerset,"Bristol, North Somerset and Bath & NES",E,National,High,0,0,1,0,1,0,0,0,0,1,1,0,0,0,0,0,0,0,0,0,0,0,0,https://www.gov.uk/guidance/tier-2-high-alert,
E06000026,Plymouth,Plymouth,Plymouth,E,National,High,0,0,1,0,1,0,0,0,0,1,1,0,0,0,0,0,0,0,0,0,0,0,0,https://www.gov.uk/guidance/tier-2-high-alert,
E06000027,Torbay,Torbay,Torbay,E,National,High,0,0,1,0,1,0,0,0,0,1,1,0,0,0,0,0,0,0,0,0,0,0,0,https://www.gov.uk/guidance/tier-2-high-alert,
E06000030,Swindon,Swindon,Swindon,E,National,High,0,0,1,0,1,0,0,0,0,1,1,0,0,0,0,0,0,0,0,0,0,0,0,https://www.gov.uk/guidance/tier-2-high-alert,
E06000043,Brighton and Hove,Brighton and Hove,Brighton and Hove,E,National,High,0,0,1,0,1,0,0,0,0,1,1,0,0,0,0,0,0,0,0,0,0,0,0,https://www.gov.uk/guidance/tier-2-high-alert,
E06000045,Southampton,Southampton,Southampton,E,National,High,0,0,1,0,1,0,0,0,0,1,1,0,0,0,0,0,0,0,0,0,0,0,0,https://www.gov.uk/guidance/tier-2-high-alert,
E06000049,Cheshire East,Cheshire East,Cheshire,E,National,High,0,0,1,0,1,0,0,0,0,1,1,0,0,0,0,0,0,0,0,0,0,0,0,https://www.gov.uk/guidance/tier-2-high-alert,
E06000050,Cheshire West and Chester,Cheshire West and Chester,Cheshire,E,National,High,0,0,1,0,1,0,0,0,0,1,1,0,0,0,0,0,0,0,0,0,0,0,0,https://www.gov.uk/guidance/tier-2-high-alert,
E06000051,Shropshire,Shropshire,Shropshire,E,National,High,0,0,1,0,1,0,0,0,0,1,1,0,0,0,0,0,0,0,0,0,0,0,0,https://www.gov.uk/guidance/tier-2-high-alert,
E06000054,Wiltshire,Wiltshire,Wiltshire,E,National,High,0,0,1,0,1,0,0,0,0,1,1,0,0,0,0,0,0,0,0,0,0,0,0,https://www.gov.uk/guidance/tier-2-high-alert,
E06000058,"Bournemouth, Christchurch and Poole","Bournemouth, Christchurch and Poole","Bournemouth, Christchurch and Poole",E,National,High,0,0,1,0,1,0,0,0,0,1,1,0,0,0,0,0,0,0,0,0,0,0,0,https://www.gov.uk/guidance/tier-2-high-alert,
E06000059,Dorset,Dorset,Dorset,E,National,High,0,0,1,0,1,0,0,0,0,1,1,0,0,0,0,0,0,0,0,0,0,0,0,https://www.gov.uk/guidance/tier-2-high-alert,
E07000008,Cambridge,Cambridgeshire,Cambridgeshire,E,National,High,0,0,1,0,1,0,0,0,0,1,1,0,0,0,0,0,0,0,0,0,0,0,0,https://www.gov.uk/guidance/tier-2-high-alert,
E07000009,East Cambridgeshire,Cambridgeshire,Cambridgeshire,E,National,High,0,0,1,0,1,0,0,0,0,1,1,0,0,0,0,0,0,0,0,0,0,0,0,https://www.gov.uk/guidance/tier-2-high-alert,
E07000010,Fenland,Cambridgeshire,Cambridgeshire,E,National,High,0,0,1,0,1,0,0,0,0,1,1,0,0,0,0,0,0,0,0,0,0,0,0,https://www.gov.uk/guidance/tier-2-high-alert,
E07000011,Huntingdonshire,Cambridgeshire,Cambridgeshire,E,National,High,0,0,1,0,1,0,0,0,0,1,1,0,0,0,0,0,0,0,0,0,0,0,0,https://www.gov.uk/guidance/tier-2-high-alert,
E07000012,South Cambridgeshire,Cambridgeshire,Cambridgeshire,E,National,High,0,0,1,0,1,0,0,0,0,1,1,0,0,0,0,0,0,0,0,0,0,0,0,https://www.gov.uk/guidance/tier-2-high-alert,
E07000026,Allerdale,Cumbria,Cumbria,E,National,High,0,0,1,0,1,0,0,0,0,1,1,0,0,0,0,0,0,0,0,0,0,0,0,https://www.gov.uk/guidance/tier-2-high-alert,
E07000027,Barrow-in-Furness,Cumbria,Cumbria,E,National,High,0,0,1,0,1,0,0,0,0,1,1,0,0,0,0,0,0,0,0,0,0,0,0,https://www.gov.uk/guidance/tier-2-high-alert,
E07000028,Carlisle,Cumbria,Cumbria,E,National,High,0,0,1,0,1,0,0,0,0,1,1,0,0,0,0,0,0,0,0,0,0,0,0,https://www.gov.uk/guidance/tier-2-high-alert,
E07000029,Copeland,Cumbria,Cumbria,E,National,High,0,0,1,0,1,0,0,0,0,1,1,0,0,0,0,0,0,0,0,0,0,0,0,https://www.gov.uk/guidance/tier-2-high-alert,
E07000030,Eden,Cumbria,Cumbria,E,National,High,0,0,1,0,1,0,0,0,0,1,1,0,0,0,0,0,0,0,0,0,0,0,0,https://www.gov.uk/guidance/tier-2-high-alert,
E07000031,South Lakeland,Cumbria,Cumbria,E,National,High,0,0,1,0,1,0,0,0,0,1,1,0,0,0,0,0,0,0,0,0,0,0,0,https://www.gov.uk/guidance/tier-2-high-alert,
E07000040,East Devon,Devon,Devon,E,National,High,0,0,1,0,1,0,0,0,0,1,1,0,0,0,0,0,0,0,0,0,0,0,0,https://www.gov.uk/guidance/tier-2-high-alert,
E07000041,Exeter,Devon,Devon,E,National,High,0,0,1,0,1,0,0,0,0,1,1,0,0,0,0,0,0,0,0,0,0,0,0,https://www.gov.uk/guidance/tier-2-high-alert,
E07000042,Mid Devon,Devon,Devon,E,National,High,0,0,1,0,1,0,0,0,0,1,1,0,0,0,0,0,0,0,0,0,0,0,0,https://www.gov.uk/guidance/tier-2-high-alert,
E07000043,North Devon,Devon,Devon,E,National,High,0,0,1,0,1,0,0,0,0,1,1,0,0,0,0,0,0,0,0,0,0,0,0,https://www.gov.uk/guidance/tier-2-high-alert,
E07000044,South Hams,Devon,Devon,E,National,High,0,0,1,0,1,0,0,0,0,1,1,0,0,0,0,0,0,0,0,0,0,0,0,https://www.gov.uk/guidance/tier-2-high-alert,
E07000045,Teignbridge,Devon,Devon,E,National,High,0,0,1,0,1,0,0,0,0,1,1,0,0,0,0,0,0,0,0,0,0,0,0,https://www.gov.uk/guidance/tier-2-high-alert,
E07000046,Torridge,Devon,Devon,E,National,High,0,0,1,0,1,0,0,0,0,1,1,0,0,0,0,0,0,0,0,0,0,0,0,https://www.gov.uk/guidance/tier-2-high-alert,
E07000047,West Devon,Devon,Devon,E,National,High,0,0,1,0,1,0,0,0,0,1,1,0,0,0,0,0,0,0,0,0,0,0,0,https://www.gov.uk/guidance/tier-2-high-alert,
E07000061,Eastbourne,East Sussex,Rest of East Sussex,E,National,High,0,0,1,0,1,0,0,0,0,1,1,0,0,0,0,0,0,0,0,0,0,0,0,https://www.gov.uk/guidance/tier-2-high-alert,
E07000063,Lewes,East Sussex,Rest of East Sussex,E,National,High,0,0,1,0,1,0,0,0,0,1,1,0,0,0,0,0,0,0,0,0,0,0,0,https://www.gov.uk/guidance/tier-2-high-alert,
E07000065,Wealden,East Sussex,Rest of East Sussex,E,National,High,0,0,1,0,1,0,0,0,0,1,1,0,0,0,0,0,0,0,0,0,0,0,0,https://www.gov.uk/guidance/tier-2-high-alert,
E07000071,Colchester,Essex,Colchester & Tendring,E,National,High,0,0,1,0,1,0,0,0,0,1,1,0,0,0,0,0,0,0,0,0,0,0,0,https://www.gov.uk/guidance/tier-2-high-alert,
E07000076,Tendring,Essex,Colchester & Tendring,E,National,High,0,0,1,0,1,0,0,0,0,1,1,0,0,0,0,0,0,0,0,0,0,0,0,https://www.gov.uk/guidance/tier-2-high-alert,
E07000077,Uttlesford,Essex,Uttlesford (Essex),E,National,High,0,0,1,0,1,0,0,0,0,1,1,0,0,0,0,0,0,0,0,0,0,0,0,https://www.gov.uk/guidance/tier-2-high-alert,
E07000078,Cheltenham,Gloucestershire,Gloucestershire,E,National,High,0,0,1,0,1,0,0,0,0,1,1,0,0,0,0,0,0,0,0,0,0,0,0,https://www.gov.uk/guidance/tier-2-high-alert,
E07000079,Cotswold,Gloucestershire,Gloucestershire,E,National,High,0,0,1,0,1,0,0,0,0,1,1,0,0,0,0,0,0,0,0,0,0,0,0,https://www.gov.uk/guidance/tier-2-high-alert,
E07000080,Forest of Dean,Gloucestershire,Gloucestershire,E,National,High,0,0,1,0,1,0,0,0,0,1,1,0,0,0,0,0,0,0,0,0,0,0,0,https://www.gov.uk/guidance/tier-2-high-alert,
E07000081,Gloucester,Gloucestershire,Gloucestershire,E,National,High,0,0,1,0,1,0,0,0,0,1,1,0,0,0,0,0,0,0,0,0,0,0,0,https://www.gov.uk/guidance/tier-2-high-alert,
E07000082,Stroud,Gloucestershire,Gloucestershire,E,National,High,0,0,1,0,1,0,0,0,0,1,1,0,0,0,0,0,0,0,0,0,0,0,0,https://www.gov.uk/guidance/tier-2-high-alert,
E07000083,Tewkesbury,Gloucestershire,Gloucestershire,E,National,High,0,0,1,0,1,0,0,0,0,1,1,0,0,0,0,0,0,0,0,0,0,0,0,https://www.gov.uk/guidance/tier-2-high-alert,
E07000084,Basingstoke and Deane,Hampshire,Rest of Hampshire,E,National,High,0,0,1,0,1,0,0,0,0,1,1,0,0,0,0,0,0,0,0,0,0,0,0,https://www.gov.uk/guidance/tier-2-high-alert,
E07000085,East Hampshire,Hampshire,Rest of Hampshire,E,National,High,0,0,1,0,1,0,0,0,0,1,1,0,0,0,0,0,0,0,0,0,0,0,0,https://www.gov.uk/guidance/tier-2-high-alert,
E07000086,Eastleigh,Hampshire,Rest of Hampshire,E,National,High,0,0,1,0,1,0,0,0,0,1,1,0,0,0,0,0,0,0,0,0,0,0,0,https://www.gov.uk/guidance/tier-2-high-alert,
E07000087,Fareham,Hampshire,Rest of Hampshire,E,National,High,0,0,1,0,1,0,0,0,0,1,1,0,0,0,0,0,0,0,0,0,0,0,0,https://www.gov.uk/guidance/tier-2-high-alert,
E07000089,Hart,Hampshire,Rest of Hampshire,E,National,High,0,0,1,0,1,0,0,0,0,1,1,0,0,0,0,0,0,0,0,0,0,0,0,https://www.gov.uk/guidance/tier-2-high-alert,
E07000091,New Forest,Hampshire,Rest of Hampshire,E,National,High,0,0,1,0,1,0,0,0,0,1,1,0,0,0,0,0,0,0,0,0,0,0,0,https://www.gov.uk/guidance/tier-2-high-alert,
E07000092,Rushmoor,Hampshire,Rest of Hampshire,E,National,High,0,0,1,0,1,0,0,0,0,1,1,0,0,0,0,0,0,0,0,0,0,0,0,https://www.gov.uk/guidance/tier-2-high-alert,
E07000093,Test Valley,Hampshire,Rest of Hampshire,E,National,High,0,0,1,0,1,0,0,0,0,1,1,0,0,0,0,0,0,0,0,0,0,0,0,https://www.gov.uk/guidance/tier-2-high-alert,
E07000094,Winchester,Hampshire,Rest of Hampshire,E,National,High,0,0,1,0,1,0,0,0,0,1,1,0,0,0,0,0,0,0,0,0,0,0,0,https://www.gov.uk/guidance/tier-2-high-alert,
E07000143,Breckland,Norfolk,Norfolk,E,National,High,0,0,1,0,1,0,0,0,0,1,1,0,0,0,0,0,0,0,0,0,0,0,0,https://www.gov.uk/guidance/tier-2-high-alert,
E07000144,Broadland,Norfolk,Norfolk,E,National,High,0,0,1,0,1,0,0,0,0,1,1,0,0,0,0,0,0,0,0,0,0,0,0,https://www.gov.uk/guidance/tier-2-high-alert,
E07000145,Great Yarmouth,Norfolk,Norfolk,E,National,High,0,0,1,0,1,0,0,0,0,1,1,0,0,0,0,0,0,0,0,0,0,0,0,https://www.gov.uk/guidance/tier-2-high-alert,
E07000146,King's Lynn and West Norfolk,Norfolk,Norfolk,E,National,High,0,0,1,0,1,0,0,0,0,1,1,0,0,0,0,0,0,0,0,0,0,0,0,https://www.gov.uk/guidance/tier-2-high-alert,
E07000147,North Norfolk,Norfolk,Norfolk,E,National,High,0,0,1,0,1,0,0,0,0,1,1,0,0,0,0,0,0,0,0,0,0,0,0,https://www.gov.uk/guidance/tier-2-high-alert,
E07000148,Norwich,Norfolk,Norfolk,E,National,High,0,0,1,0,1,0,0,0,0,1,1,0,0,0,0,0,0,0,0,0,0,0,0,https://www.gov.uk/guidance/tier-2-high-alert,
E07000149,South Norfolk,Norfolk,Norfolk,E,National,High,0,0,1,0,1,0,0,0,0,1,1,0,0,0,0,0,0,0,0,0,0,0,0,https://www.gov.uk/guidance/tier-2-high-alert,
E07000150,Corby,Northamptonshire,Northamptonshire,E,National,High,0,0,1,0,1,0,0,0,0,1,1,0,0,0,0,0,0,0,0,0,0,0,0,https://www.gov.uk/guidance/tier-2-high-alert,
E07000151,Daventry,Northamptonshire,Northamptonshire,E,National,High,0,0,1,0,1,0,0,0,0,1,1,0,0,0,0,0,0,0,0,0,0,0,0,https://www.gov.uk/guidance/tier-2-high-alert,
E07000152,East Northamptonshire,Northamptonshire,Northamptonshire,E,National,High,0,0,1,0,1,0,0,0,0,1,1,0,0,0,0,0,0,0,0,0,0,0,0,https://www.gov.uk/guidance/tier-2-high-alert,
E07000153,Kettering,Northamptonshire,Northamptonshire,E,National,High,0,0,1,0,1,0,0,0,0,1,1,0,0,0,0,0,0,0,0,0,0,0,0,https://www.gov.uk/guidance/tier-2-high-alert,
E07000154,Northampton,Northamptonshire,Northamptonshire,E,National,High,0,0,1,0,1,0,0,0,0,1,1,0,0,0,0,0,0,0,0,0,0,0,0,https://www.gov.uk/guidance/tier-2-high-alert,
E07000155,South Northamptonshire,Northamptonshire,Northamptonshire,E,National,High,0,0,1,0,1,0,0,0,0,1,1,0,0,0,0,0,0,0,0,0,0,0,0,https://www.gov.uk/guidance/tier-2-high-alert,
E07000156,Wellingborough,Northamptonshire,Northamptonshire,E,National,High,0,0,1,0,1,0,0,0,0,1,1,0,0,0,0,0,0,0,0,0,0,0,0,https://www.gov.uk/guidance/tier-2-high-alert,
E07000163,Craven,North Yorkshire,North Yorkshire,E,National,High,0,0,1,0,1,0,0,0,0,1,1,0,0,0,0,0,0,0,0,0,0,0,0,https://www.gov.uk/guidance/tier-2-high-alert,
E07000164,Hambleton,North Yorkshire,North Yorkshire,E,National,High,0,0,1,0,1,0,0,0,0,1,1,0,0,0,0,0,0,0,0,0,0,0,0,https://www.gov.uk/guidance/tier-2-high-alert,
E07000165,Harrogate,North Yorkshire,North Yorkshire,E,National,High,0,0,1,0,1,0,0,0,0,1,1,0,0,0,0,0,0,0,0,0,0,0,0,https://www.gov.uk/guidance/tier-2-high-alert,
E07000166,Richmondshire,North Yorkshire,North Yorkshire,E,National,High,0,0,1,0,1,0,0,0,0,1,1,0,0,0,0,0,0,0,0,0,0,0,0,https://www.gov.uk/guidance/tier-2-high-alert,
E07000167,Ryedale,North Yorkshire,North Yorkshire,E,National,High,0,0,1,0,1,0,0,0,0,1,1,0,0,0,0,0,0,0,0,0,0,0,0,https://www.gov.uk/guidance/tier-2-high-alert,
E07000168,Scarborough,North Yorkshire,North Yorkshire,E,National,High,0,0,1,0,1,0,0,0,0,1,1,0,0,0,0,0,0,0,0,0,0,0,0,https://www.gov.uk/guidance/tier-2-high-alert,
E07000169,Selby,North Yorkshire,North Yorkshire,E,National,High,0,0,1,0,1,0,0,0,0,1,1,0,0,0,0,0,0,0,0,0,0,0,0,https://www.gov.uk/guidance/tier-2-high-alert,
E07000177,Cherwell,Oxfordshire,Oxfordshire,E,National,High,0,0,1,0,1,0,0,0,0,1,1,0,0,0,0,0,0,0,0,0,0,0,0,https://www.gov.uk/guidance/tier-2-high-alert,
E07000178,Oxford,Oxfordshire,Oxfordshire,E,National,High,0,0,1,0,1,0,0,0,0,1,1,0,0,0,0,0,0,0,0,0,0,0,0,https://www.gov.uk/guidance/tier-2-high-alert,
E07000179,South Oxfordshire,Oxfordshire,Oxfordshire,E,National,High,0,0,1,0,1,0,0,0,0,1,1,0,0,0,0,0,0,0,0,0,0,0,0,https://www.gov.uk/guidance/tier-2-high-alert,
E07000180,Vale of White Horse,Oxfordshire,Oxfordshire,E,National,High,0,0,1,0,1,0,0,0,0,1,1,0,0,0,0,0,0,0,0,0,0,0,0,https://www.gov.uk/guidance/tier-2-high-alert,
E07000181,West Oxfordshire,Oxfordshire,Oxfordshire,E,National,High,0,0,1,0,1,0,0,0,0,1,1,0,0,0,0,0,0,0,0,0,0,0,0,https://www.gov.uk/guidance/tier-2-high-alert,
E07000187,Mendip,Somerset,Somerset,E,National,High,0,0,1,0,1,0,0,0,0,1,1,0,0,0,0,0,0,0,0,0,0,0,0,https://www.gov.uk/guidance/tier-2-high-alert,
E07000188,Sedgemoor,Somerset,Somerset,E,National,High,0,0,1,0,1,0,0,0,0,1,1,0,0,0,0,0,0,0,0,0,0,0,0,https://www.gov.uk/guidance/tier-2-high-alert,
E07000189,South Somerset,Somerset,Somerset,E,National,High,0,0,1,0,1,0,0,0,0,1,1,0,0,0,0,0,0,0,0,0,0,0,0,https://www.gov.uk/guidance/tier-2-high-alert,
E07000200,Babergh,Suffolk,Suffolk,E,National,High,0,0,1,0,1,0,0,0,0,1,1,0,0,0,0,0,0,0,0,0,0,0,0,https://www.gov.uk/guidance/tier-2-high-alert,
E07000202,Ipswich,Suffolk,Suffolk,E,National,High,0,0,1,0,1,0,0,0,0,1,1,0,0,0,0,0,0,0,0,0,0,0,0,https://www.gov.uk/guidance/tier-2-high-alert,
E07000203,Mid Suffolk,Suffolk,Suffolk,E,National,High,0,0,1,0,1,0,0,0,0,1,1,0,0,0,0,0,0,0,0,0,0,0,0,https://www.gov.uk/guidance/tier-2-high-alert,
E07000216,Waverley,Surrey,Waverley (Surrey),E,National,High,0,0,1,0,1,0,0,0,0,1,1,0,0,0,0,0,0,0,0,0,0,0,0,https://www.gov.uk/guidance/tier-2-high-alert,
E07000223,Adur,West Sussex,West Sussex,E,National,High,0,0,1,0,1,0,0,0,0,1,1,0,0,0,0,0,0,0,0,0,0,0,0,https://www.gov.uk/guidance/tier-2-high-alert,
E07000224,Arun,West Sussex,West Sussex,E,National,High,0,0,1,0,1,0,0,0,0,1,1,0,0,0,0,0,0,0,0,0,0,0,0,https://www.gov.uk/guidance/tier-2-high-alert,
E07000225,Chichester,West Sussex,West Sussex,E,National,High,0,0,1,0,1,0,0,0,0,1,1,0,0,0,0,0,0,0,0,0,0,0,0,https://www.gov.uk/guidance/tier-2-high-alert,
E07000226,Crawley,West Sussex,West Sussex,E,National,High,0,0,1,0,1,0,0,0,0,1,1,0,0,0,0,0,0,0,0,0,0,0,0,https://www.gov.uk/guidance/tier-2-high-alert,
E07000227,Horsham,West Sussex,West Sussex,E,National,High,0,0,1,0,1,0,0,0,0,1,1,0,0,0,0,0,0,0,0,0,0,0,0,https://www.gov.uk/guidance/tier-2-high-alert,
E07000228,Mid Sussex,West Sussex,West Sussex,E,National,High,0,0,1,0,1,0,0,0,0,1,1,0,0,0,0,0,0,0,0,0,0,0,0,https://www.gov.uk/guidance/tier-2-high-alert,
E07000229,Worthing,West Sussex,West Sussex,E,National,High,0,0,1,0,1,0,0,0,0,1,1,0,0,0,0,0,0,0,0,0,0,0,0,https://www.gov.uk/guidance/tier-2-high-alert,
E07000234,Bromsgrove,Worcestershire,Worcestershire,E,National,High,0,0,1,0,1,0,0,0,0,1,1,0,0,0,0,0,0,0,0,0,0,0,0,https://www.gov.uk/guidance/tier-2-high-alert,
E07000235,Malvern Hills,Worcestershire,Worcestershire,E,National,High,0,0,1,0,1,0,0,0,0,1,1,0,0,0,0,0,0,0,0,0,0,0,0,https://www.gov.uk/guidance/tier-2-high-alert,
E07000236,Redditch,Worcestershire,Worcestershire,E,National,High,0,0,1,0,1,0,0,0,0,1,1,0,0,0,0,0,0,0,0,0,0,0,0,https://www.gov.uk/guidance/tier-2-high-alert,
E07000237,Worcester,Worcestershire,Worcestershire,E,National,High,0,0,1,0,1,0,0,0,0,1,1,0,0,0,0,0,0,0,0,0,0,0,0,https://www.gov.uk/guidance/tier-2-high-alert,
E07000238,Wychavon,Worcestershire,Worcestershire,E,National,High,0,0,1,0,1,0,0,0,0,1,1,0,0,0,0,0,0,0,0,0,0,0,0,https://www.gov.uk/guidance/tier-2-high-alert,
E07000239,Wyre Forest,Worcestershire,Worcestershire,E,National,High,0,0,1,0,1,0,0,0,0,1,1,0,0,0,0,0,0,0,0,0,0,0,0,https://www.gov.uk/guidance/tier-2-high-alert,
E07000244,East Suffolk,Suffolk,Suffolk,E,National,High,0,0,1,0,1,0,0,0,0,1,1,0,0,0,0,0,0,0,0,0,0,0,0,https://www.gov.uk/guidance/tier-2-high-alert,
E07000245,West Suffolk,Suffolk,Suffolk,E,National,High,0,0,1,0,1,0,0,0,0,1,1,0,0,0,0,0,0,0,0,0,0,0,0,https://www.gov.uk/guidance/tier-2-high-alert,
E07000246,Somerset West and Taunton,Somerset,Somerset,E,National,High,0,0,1,0,1,0,0,0,0,1,1,0,0,0,0,0,0,0,0,0,0,0,0,https://www.gov.uk/guidance/tier-2-high-alert,
E08000011,Knowsley,Knowsley,Liverpool City Region,E,National,High,0,0,1,0,1,0,0,0,0,1,1,0,0,0,0,0,0,0,0,0,0,0,0,https://www.gov.uk/guidance/tier-2-high-alert,
E08000012,Liverpool,Liverpool,Liverpool City Region,E,National,High,0,0,1,0,1,0,0,0,0,1,1,0,0,0,0,0,0,0,0,0,0,0,0,https://www.gov.uk/guidance/tier-2-high-alert,
E08000013,St. Helens,St. Helens,Liverpool City Region,E,National,High,0,0,1,0,1,0,0,0,0,1,1,0,0,0,0,0,0,0,0,0,0,0,0,https://www.gov.uk/guidance/tier-2-high-alert,
E08000014,Sefton,Sefton,Liverpool City Region,E,National,High,0,0,1,0,1,0,0,0,0,1,1,0,0,0,0,0,0,0,0,0,0,0,0,https://www.gov.uk/guidance/tier-2-high-alert,
E08000015,Wirral,Wirral,Liverpool City Region,E,National,High,0,0,1,0,1,0,0,0,0,1,1,0,0,0,0,0,0,0,0,0,0,0,0,https://www.gov.uk/guidance/tier-2-high-alert,
E06000019,"Herefordshire, County of","Herefordshire, County of",Herefordshire,E,National,Medium,0,1,0,0,1,0,0,0,0,1,0,0,0,0,0,0,0,0,0,0,0,0,0,https://www.gov.uk/guidance/tier-1-medium-alert,
E06000046,Isle of Wight,Isle of Wight,Isle of Wight,E,National,Medium,0,1,0,0,1,0,0,0,0,1,0,0,0,0,0,0,0,0,0,0,0,0,0,https://www.gov.uk/guidance/tier-1-medium-alert,
E06000052,Cornwall,Cornwall,Cornwall,E,National,Medium,0,1,0,0,1,0,0,0,0,1,0,0,0,0,0,0,0,0,0,0,0,0,0,https://www.gov.uk/guidance/tier-1-medium-alert,
E06000053,Isles of Scilly,Isles of Scilly,Isles of Scilly,E,National,Medium,0,1,0,0,1,0,0,0,0,1,0,0,0,0,0,0,0,0,0,0,0,0,0,https://www.gov.uk/guidance/tier-1-medium-alert,
E06000032,Luton,Luton,Bedfordshire,E,National,Stay at home,1,0,0,0,1,0,1,0,1,0,1,0,0,0,0,0,0,0,0,0,0,0,0,https://www.gov.uk/guidance/tier-4-stay-at-home,
E06000055,Bedford,Bedford,Bedfordshire,E,National,Stay at home,1,0,0,0,1,0,1,0,1,0,1,0,0,0,0,0,0,0,0,0,0,0,0,https://www.gov.uk/guidance/tier-4-stay-at-home,
E06000056,Central Bedfordshire,Central Bedfordshire,Bedfordshire,E,National,Stay at home,1,0,0,0,1,0,1,0,1,0,1,0,0,0,0,0,0,0,0,0,0,0,0,https://www.gov.uk/guidance/tier-4-stay-at-home,
E07000095,Broxbourne,Hertfordshire,Hertfordshire,E,National,Stay at home,1,0,0,0,1,0,1,0,1,0,1,0,0,0,0,0,0,0,0,0,0,0,0,https://www.gov.uk/guidance/tier-4-stay-at-home,
E06000060,Buckinghamshire,Buckinghamshire,Buckinghamshire,E,National,Stay at home,1,0,0,0,1,0,1,0,1,0,1,0,0,0,0,0,0,0,0,0,0,0,0,https://www.gov.uk/guidance/tier-4-stay-at-home,
E07000062,Hastings,East Sussex,Hastings and Rother,E,National,Stay at home,1,0,0,0,1,0,1,0,1,0,1,0,0,0,0,0,0,0,0,0,0,0,0,https://www.gov.uk/guidance/tier-4-stay-at-home,
E07000064,Rother,East Sussex,Hastings and Rother,E,National,Stay at home,1,0,0,0,1,0,1,0,1,0,1,0,0,0,0,0,0,0,0,0,0,0,0,https://www.gov.uk/guidance/tier-4-stay-at-home,
E06000042,Milton Keynes,Milton Keynes,Milton Keynes,E,National,Stay at home,1,0,0,0,1,0,1,0,1,0,1,0,0,0,0,0,0,0,0,0,0,0,0,https://www.gov.uk/guidance/tier-4-stay-at-home,
E06000033,Southend-on-Sea,Southend-on-Sea,Essex (Tier 4 areas),E,National,Stay at home,1,0,0,0,1,0,1,0,1,0,1,0,0,0,0,0,0,0,0,0,0,0,0,https://www.gov.uk/guidance/tier-4-stay-at-home,
E06000034,Thurrock,Thurrock,Essex (Tier 4 areas),E,National,Stay at home,1,0,0,0,1,0,1,0,1,0,1,0,0,0,0,0,0,0,0,0,0,0,0,https://www.gov.uk/guidance/tier-4-stay-at-home,
E07000066,Basildon,Essex,Essex (Tier 4 areas),E,National,Stay at home,1,0,0,0,1,0,1,0,1,0,1,0,0,0,0,0,0,0,0,0,0,0,0,https://www.gov.uk/guidance/tier-4-stay-at-home,
E07000067,Braintree,Essex,Essex (Tier 4 areas),E,National,Stay at home,1,0,0,0,1,0,1,0,1,0,1,0,0,0,0,0,0,0,0,0,0,0,0,https://www.gov.uk/guidance/tier-4-stay-at-home,
E07000068,Brentwood,Essex,Essex (Tier 4 areas),E,National,Stay at home,1,0,0,0,1,0,1,0,1,0,1,0,0,0,0,0,0,0,0,0,0,0,0,https://www.gov.uk/guidance/tier-4-stay-at-home,
E07000069,Castle Point,Essex,Essex (Tier 4 areas),E,National,Stay at home,1,0,0,0,1,0,1,0,1,0,1,0,0,0,0,0,0,0,0,0,0,0,0,https://www.gov.uk/guidance/tier-4-stay-at-home,
E07000070,Chelmsford,Essex,Essex (Tier 4 areas),E,National,Stay at home,1,0,0,0,1,0,1,0,1,0,1,0,0,0,0,0,0,0,0,0,0,0,0,https://www.gov.uk/guidance/tier-4-stay-at-home,
E07000072,Epping Forest,Essex,Essex (Tier 4 areas),E,National,Stay at home,1,0,0,0,1,0,1,0,1,0,1,0,0,0,0,0,0,0,0,0,0,0,0,https://www.gov.uk/guidance/tier-4-stay-at-home,
E07000073,Harlow,Essex,Essex (Tier 4 areas),E,National,Stay at home,1,0,0,0,1,0,1,0,1,0,1,0,0,0,0,0,0,0,0,0,0,0,0,https://www.gov.uk/guidance/tier-4-stay-at-home,
E07000074,Maldon,Essex,Essex (Tier 4 areas),E,National,Stay at home,1,0,0,0,1,0,1,0,1,0,1,0,0,0,0,0,0,0,0,0,0,0,0,https://www.gov.uk/guidance/tier-4-stay-at-home,
E07000075,Rochford,Essex,Essex (Tier 4 areas),E,National,Stay at home,1,0,0,0,1,0,1,0,1,0,1,0,0,0,0,0,0,0,0,0,0,0,0,https://www.gov.uk/guidance/tier-4-stay-at-home,
E07000088,Gosport,Hampshire,"Gosport, Havant and Portsmouth",E,National,Stay at home,1,0,0,0,1,0,1,0,1,0,1,0,0,0,0,0,0,0,0,0,0,0,0,https://www.gov.uk/guidance/tier-4-stay-at-home,
E07000090,Havant,Hampshire,"Gosport, Havant and Portsmouth",E,National,Stay at home,1,0,0,0,1,0,1,0,1,0,1,0,0,0,0,0,0,0,0,0,0,0,0,https://www.gov.uk/guidance/tier-4-stay-at-home,
E06000035,Medway,Medway,Kent and Medway,E,National,Stay at home,1,0,0,0,1,0,1,0,1,0,1,0,0,0,0,0,0,0,0,0,0,0,0,https://www.gov.uk/guidance/tier-4-stay-at-home,
E07000105,Ashford,Kent,Kent and Medway,E,National,Stay at home,1,0,0,0,1,0,1,0,1,0,1,0,0,0,0,0,0,0,0,0,0,0,0,https://www.gov.uk/guidance/tier-4-stay-at-home,
E07000106,Canterbury,Kent,Kent and Medway,E,National,Stay at home,1,0,0,0,1,0,1,0,1,0,1,0,0,0,0,0,0,0,0,0,0,0,0,https://www.gov.uk/guidance/tier-4-stay-at-home,
E07000107,Dartford,Kent,Kent and Medway,E,National,Stay at home,1,0,0,0,1,0,1,0,1,0,1,0,0,0,0,0,0,0,0,0,0,0,0,https://www.gov.uk/guidance/tier-4-stay-at-home,
E07000108,Dover,Kent,Kent and Medway,E,National,Stay at home,1,0,0,0,1,0,1,0,1,0,1,0,0,0,0,0,0,0,0,0,0,0,0,https://www.gov.uk/guidance/tier-4-stay-at-home,
E07000109,Gravesham,Kent,Kent and Medway,E,National,Stay at home,1,0,0,0,1,0,1,0,1,0,1,0,0,0,0,0,0,0,0,0,0,0,0,https://www.gov.uk/guidance/tier-4-stay-at-home,
E07000110,Maidstone,Kent,Kent and Medway,E,National,Stay at home,1,0,0,0,1,0,1,0,1,0,1,0,0,0,0,0,0,0,0,0,0,0,0,https://www.gov.uk/guidance/tier-4-stay-at-home,
E07000111,Sevenoaks,Kent,Kent and Medway,E,National,Stay at home,1,0,0,0,1,0,1,0,1,0,1,0,0,0,0,0,0,0,0,0,0,0,0,https://www.gov.uk/guidance/tier-4-stay-at-home,
E07000112,Folkestone and Hythe,Kent,Kent and Medway,E,National,Stay at home,1,0,0,0,1,0,1,0,1,0,1,0,0,0,0,0,0,0,0,0,0,0,0,https://www.gov.uk/guidance/tier-4-stay-at-home,
E07000113,Swale,Kent,Kent and Medway,E,National,Stay at home,1,0,0,0,1,0,1,0,1,0,1,0,0,0,0,0,0,0,0,0,0,0,0,https://www.gov.uk/guidance/tier-4-stay-at-home,
E07000114,Thanet,Kent,Kent and Medway,E,National,Stay at home,1,0,0,0,1,0,1,0,1,0,1,0,0,0,0,0,0,0,0,0,0,0,0,https://www.gov.uk/guidance/tier-4-stay-at-home,
E07000115,Tonbridge and Malling,Kent,Kent and Medway,E,National,Stay at home,1,0,0,0,1,0,1,0,1,0,1,0,0,0,0,0,0,0,0,0,0,0,0,https://www.gov.uk/guidance/tier-4-stay-at-home,
E07000116,Tunbridge Wells,Kent,Kent and Medway,E,National,Stay at home,1,0,0,0,1,0,1,0,1,0,1,0,0,0,0,0,0,0,0,0,0,0,0,https://www.gov.uk/guidance/tier-4-stay-at-home,
E09000001,City of London,City of London,London,E,National,Stay at home,1,0,0,0,1,0,1,0,1,0,1,0,0,0,0,0,0,0,0,0,0,0,0,https://www.gov.uk/guidance/tier-4-stay-at-home,
E09000002,Barking and Dagenham,Barking and Dagenham,London,E,National,Stay at home,1,0,0,0,1,0,1,0,1,0,1,0,0,0,0,0,0,0,0,0,0,0,0,https://www.gov.uk/guidance/tier-4-stay-at-home,
E09000003,Barnet,Barnet,London,E,National,Stay at home,1,0,0,0,1,0,1,0,1,0,1,0,0,0,0,0,0,0,0,0,0,0,0,https://www.gov.uk/guidance/tier-4-stay-at-home,
E09000004,Bexley,Bexley,London,E,National,Stay at home,1,0,0,0,1,0,1,0,1,0,1,0,0,0,0,0,0,0,0,0,0,0,0,https://www.gov.uk/guidance/tier-4-stay-at-home,
E09000005,Brent,Brent,London,E,National,Stay at home,1,0,0,0,1,0,1,0,1,0,1,0,0,0,0,0,0,0,0,0,0,0,0,https://www.gov.uk/guidance/tier-4-stay-at-home,
E09000006,Bromley,Bromley,London,E,National,Stay at home,1,0,0,0,1,0,1,0,1,0,1,0,0,0,0,0,0,0,0,0,0,0,0,https://www.gov.uk/guidance/tier-4-stay-at-home,
E09000007,Camden,Camden,London,E,National,Stay at home,1,0,0,0,1,0,1,0,1,0,1,0,0,0,0,0,0,0,0,0,0,0,0,https://www.gov.uk/guidance/tier-4-stay-at-home,
E09000008,Croydon,Croydon,London,E,National,Stay at home,1,0,0,0,1,0,1,0,1,0,1,0,0,0,0,0,0,0,0,0,0,0,0,https://www.gov.uk/guidance/tier-4-stay-at-home,
E09000009,Ealing,Ealing,London,E,National,Stay at home,1,0,0,0,1,0,1,0,1,0,1,0,0,0,0,0,0,0,0,0,0,0,0,https://www.gov.uk/guidance/tier-4-stay-at-home,
E09000010,Enfield,Enfield,London,E,National,Stay at home,1,0,0,0,1,0,1,0,1,0,1,0,0,0,0,0,0,0,0,0,0,0,0,https://www.gov.uk/guidance/tier-4-stay-at-home,
E09000011,Greenwich,Greenwich,London,E,National,Stay at home,1,0,0,0,1,0,1,0,1,0,1,0,0,0,0,0,0,0,0,0,0,0,0,https://www.gov.uk/guidance/tier-4-stay-at-home,
E09000012,Hackney,Hackney,London,E,National,Stay at home,1,0,0,0,1,0,1,0,1,0,1,0,0,0,0,0,0,0,0,0,0,0,0,https://www.gov.uk/guidance/tier-4-stay-at-home,
E09000013,Hammersmith and Fulham,Hammersmith and Fulham,London,E,National,Stay at home,1,0,0,0,1,0,1,0,1,0,1,0,0,0,0,0,0,0,0,0,0,0,0,https://www.gov.uk/guidance/tier-4-stay-at-home,
E09000014,Haringey,Haringey,London,E,National,Stay at home,1,0,0,0,1,0,1,0,1,0,1,0,0,0,0,0,0,0,0,0,0,0,0,https://www.gov.uk/guidance/tier-4-stay-at-home,
E09000015,Harrow,Harrow,London,E,National,Stay at home,1,0,0,0,1,0,1,0,1,0,1,0,0,0,0,0,0,0,0,0,0,0,0,https://www.gov.uk/guidance/tier-4-stay-at-home,
E09000016,Havering,Havering,London,E,National,Stay at home,1,0,0,0,1,0,1,0,1,0,1,0,0,0,0,0,0,0,0,0,0,0,0,https://www.gov.uk/guidance/tier-4-stay-at-home,
E09000017,Hillingdon,Hillingdon,London,E,National,Stay at home,1,0,0,0,1,0,1,0,1,0,1,0,0,0,0,0,0,0,0,0,0,0,0,https://www.gov.uk/guidance/tier-4-stay-at-home,
E09000018,Hounslow,Hounslow,London,E,National,Stay at home,1,0,0,0,1,0,1,0,1,0,1,0,0,0,0,0,0,0,0,0,0,0,0,https://www.gov.uk/guidance/tier-4-stay-at-home,
E09000019,Islington,Islington,London,E,National,Stay at home,1,0,0,0,1,0,1,0,1,0,1,0,0,0,0,0,0,0,0,0,0,0,0,https://www.gov.uk/guidance/tier-4-stay-at-home,
E09000020,Kensington and Chelsea,Kensington and Chelsea,London,E,National,Stay at home,1,0,0,0,1,0,1,0,1,0,1,0,0,0,0,0,0,0,0,0,0,0,0,https://www.gov.uk/guidance/tier-4-stay-at-home,
E09000021,Kingston upon Thames,Kingston upon Thames,London,E,National,Stay at home,1,0,0,0,1,0,1,0,1,0,1,0,0,0,0,0,0,0,0,0,0,0,0,https://www.gov.uk/guidance/tier-4-stay-at-home,
E09000022,Lambeth,Lambeth,London,E,National,Stay at home,1,0,0,0,1,0,1,0,1,0,1,0,0,0,0,0,0,0,0,0,0,0,0,https://www.gov.uk/guidance/tier-4-stay-at-home,
E09000023,Lewisham,Lewisham,London,E,National,Stay at home,1,0,0,0,1,0,1,0,1,0,1,0,0,0,0,0,0,0,0,0,0,0,0,https://www.gov.uk/guidance/tier-4-stay-at-home,
E09000024,Merton,Merton,London,E,National,Stay at home,1,0,0,0,1,0,1,0,1,0,1,0,0,0,0,0,0,0,0,0,0,0,0,https://www.gov.uk/guidance/tier-4-stay-at-home,
E09000025,Newham,Newham,London,E,National,Stay at home,1,0,0,0,1,0,1,0,1,0,1,0,0,0,0,0,0,0,0,0,0,0,0,https://www.gov.uk/guidance/tier-4-stay-at-home,
E09000026,Redbridge,Redbridge,London,E,National,Stay at home,1,0,0,0,1,0,1,0,1,0,1,0,0,0,0,0,0,0,0,0,0,0,0,https://www.gov.uk/guidance/tier-4-stay-at-home,
E09000027,Richmond upon Thames,Richmond upon Thames,London,E,National,Stay at home,1,0,0,0,1,0,1,0,1,0,1,0,0,0,0,0,0,0,0,0,0,0,0,https://www.gov.uk/guidance/tier-4-stay-at-home,
E09000028,Southwark,Southwark,London,E,National,Stay at home,1,0,0,0,1,0,1,0,1,0,1,0,0,0,0,0,0,0,0,0,0,0,0,https://www.gov.uk/guidance/tier-4-stay-at-home,
E09000029,Sutton,Sutton,London,E,National,Stay at home,1,0,0,0,1,0,1,0,1,0,1,0,0,0,0,0,0,0,0,0,0,0,0,https://www.gov.uk/guidance/tier-4-stay-at-home,
E09000030,Tower Hamlets,Tower Hamlets,London,E,National,Stay at home,1,0,0,0,1,0,1,0,1,0,1,0,0,0,0,0,0,0,0,0,0,0,0,https://www.gov.uk/guidance/tier-4-stay-at-home,
E09000031,Waltham Forest,Waltham Forest,London,E,National,Stay at home,1,0,0,0,1,0,1,0,1,0,1,0,0,0,0,0,0,0,0,0,0,0,0,https://www.gov.uk/guidance/tier-4-stay-at-home,
E09000032,Wandsworth,Wandsworth,London,E,National,Stay at home,1,0,0,0,1,0,1,0,1,0,1,0,0,0,0,0,0,0,0,0,0,0,0,https://www.gov.uk/guidance/tier-4-stay-at-home,
E09000033,Westminster,Westminster,London,E,National,Stay at home,1,0,0,0,1,0,1,0,1,0,1,0,0,0,0,0,0,0,0,0,0,0,0,https://www.gov.uk/guidance/tier-4-stay-at-home,
E06000031,Peterborough,Peterborough,Peterborough,E,National,Stay at home,1,0,0,0,1,0,1,0,1,0,1,0,0,0,0,0,0,0,0,0,0,0,0,https://www.gov.uk/guidance/tier-4-stay-at-home,
E06000044,Portsmouth,Portsmouth,"Gosport, Havant and Portsmouth",E,National,Stay at home,1,0,0,0,1,0,1,0,1,0,1,0,0,0,0,0,0,0,0,0,0,0,0,https://www.gov.uk/guidance/tier-4-stay-at-home,
E06000036,Bracknell Forest,Bracknell Forest,Berkshire,E,National,Stay at home,1,0,0,0,1,0,1,0,1,0,1,0,0,0,0,0,0,0,0,0,0,0,0,https://www.gov.uk/guidance/tier-4-stay-at-home,
E06000037,West Berkshire,West Berkshire,Berkshire,E,National,Stay at home,1,0,0,0,1,0,1,0,1,0,1,0,0,0,0,0,0,0,0,0,0,0,0,https://www.gov.uk/guidance/tier-4-stay-at-home,
E06000038,Reading,Reading,Berkshire,E,National,Stay at home,1,0,0,0,1,0,1,0,1,0,1,0,0,0,0,0,0,0,0,0,0,0,0,https://www.gov.uk/guidance/tier-4-stay-at-home,
E06000040,Windsor and Maidenhead,Windsor and Maidenhead,Berkshire,E,National,Stay at home,1,0,0,0,1,0,1,0,1,0,1,0,0,0,0,0,0,0,0,0,0,0,0,https://www.gov.uk/guidance/tier-4-stay-at-home,
E06000041,Wokingham,Wokingham,Berkshire,E,National,Stay at home,1,0,0,0,1,0,1,0,1,0,1,0,0,0,0,0,0,0,0,0,0,0,0,https://www.gov.uk/guidance/tier-4-stay-at-home,
E07000096,Dacorum,Hertfordshire,Hertfordshire,E,National,Stay at home,1,0,0,0,1,0,1,0,1,0,1,0,0,0,0,0,0,0,0,0,0,0,0,https://www.gov.uk/guidance/tier-4-stay-at-home,
E07000099,North Hertfordshire,Hertfordshire,Hertfordshire,E,National,Stay at home,1,0,0,0,1,0,1,0,1,0,1,0,0,0,0,0,0,0,0,0,0,0,0,https://www.gov.uk/guidance/tier-4-stay-at-home,
E07000240,St Albans,Hertfordshire,Hertfordshire,E,National,Stay at home,1,0,0,0,1,0,1,0,1,0,1,0,0,0,0,0,0,0,0,0,0,0,0,https://www.gov.uk/guidance/tier-4-stay-at-home,
E07000241,Welwyn Hatfield,Hertfordshire,Hertfordshire,E,National,Stay at home,1,0,0,0,1,0,1,0,1,0,1,0,0,0,0,0,0,0,0,0,0,0,0,https://www.gov.uk/guidance/tier-4-stay-at-home,
E07000242,East Hertfordshire,Hertfordshire,Hertfordshire,E,National,Stay at home,1,0,0,0,1,0,1,0,1,0,1,0,0,0,0,0,0,0,0,0,0,0,0,https://www.gov.uk/guidance/tier-4-stay-at-home,
E07000243,Stevenage,Hertfordshire,Hertfordshire,E,National,Stay at home,1,0,0,0,1,0,1,0,1,0,1,0,0,0,0,0,0,0,0,0,0,0,0,https://www.gov.uk/guidance/tier-4-stay-at-home,
E06000039,Slough,Slough,Berkshire,E,National,Stay at home,1,0,0,0,1,0,1,0,1,0,1,0,0,0,0,0,0,0,0,0,0,0,0,https://www.gov.uk/guidance/tier-4-stay-at-home,
E07000207,Elmbridge,Surrey,Surrey (Tier 4 areas),E,National,Stay at home,1,0,0,0,1,0,1,0,1,0,1,0,0,0,0,0,0,0,0,0,0,0,0,https://www.gov.uk/guidance/tier-4-stay-at-home,
E07000208,Epsom and Ewell,Surrey,Surrey (Tier 4 areas),E,National,Stay at home,1,0,0,0,1,0,1,0,1,0,1,0,0,0,0,0,0,0,0,0,0,0,0,https://www.gov.uk/guidance/tier-4-stay-at-home,
E07000209,Guildford,Surrey,Surrey (Tier 4 areas),E,National,Stay at home,1,0,0,0,1,0,1,0,1,0,1,0,0,0,0,0,0,0,0,0,0,0,0,https://www.gov.uk/guidance/tier-4-stay-at-home,
E07000210,Mole Valley,Surrey,Surrey (Tier 4 areas),E,National,Stay at home,1,0,0,0,1,0,1,0,1,0,1,0,0,0,0,0,0,0,0,0,0,0,0,https://www.gov.uk/guidance/tier-4-stay-at-home,
E07000211,Reigate and Banstead,Surrey,Surrey (Tier 4 areas),E,National,Stay at home,1,0,0,0,1,0,1,0,1,0,1,0,0,0,0,0,0,0,0,0,0,0,0,https://www.gov.uk/guidance/tier-4-stay-at-home,
E07000212,Runnymede,Surrey,Surrey (Tier 4 areas),E,National,Stay at home,1,0,0,0,1,0,1,0,1,0,1,0,0,0,0,0,0,0,0,0,0,0,0,https://www.gov.uk/guidance/tier-4-stay-at-home,
E07000213,Spelthorne,Surrey,Surrey (Tier 4 areas),E,National,Stay at home,1,0,0,0,1,0,1,0,1,0,1,0,0,0,0,0,0,0,0,0,0,0,0,https://www.gov.uk/guidance/tier-4-stay-at-home,
E07000214,Surrey Heath,Surrey,Surrey (Tier 4 areas),E,National,Stay at home,1,0,0,0,1,0,1,0,1,0,1,0,0,0,0,0,0,0,0,0,0,0,0,https://www.gov.uk/guidance/tier-4-stay-at-home,
E07000215,Tandridge,Surrey,Surrey (Tier 4 areas),E,National,Stay at home,1,0,0,0,1,0,1,0,1,0,1,0,0,0,0,0,0,0,0,0,0,0,0,https://www.gov.uk/guidance/tier-4-stay-at-home,
E07000217,Woking,Surrey,Surrey (Tier 4 areas),E,National,Stay at home,1,0,0,0,1,0,1,0,1,0,1,0,0,0,0,0,0,0,0,0,0,0,0,https://www.gov.uk/guidance/tier-4-stay-at-home,
E07000098,Hertsmere,Hertfordshire,Hertfordshire,E,National,Stay at home,1,0,0,0,1,0,1,0,1,0,1,0,0,0,0,0,0,0,0,0,0,0,0,https://www.gov.uk/guidance/tier-4-stay-at-home,
E07000102,Three Rivers,Hertfordshire,Hertfordshire,E,National,Stay at home,1,0,0,0,1,0,1,0,1,0,1,0,0,0,0,0,0,0,0,0,0,0,0,https://www.gov.uk/guidance/tier-4-stay-at-home,
E07000103,Watford,Hertfordshire,Hertfordshire,E,National,Stay at home,1,0,0,0,1,0,1,0,1,0,1,0,0,0,0,0,0,0,0,0,0,0,0,https://www.gov.uk/guidance/tier-4-stay-at-home,
E06000008,Blackburn with Darwen,Blackburn with Darwen,Blackburn with Darwen,E,National,Very High,0,0,1,0,1,0,0,0,1,0,0,0,0,0,0,0,0,0,0,0,0,0,0,https://www.gov.uk/guidance/tier-3-very-high-alert,
E06000009,Blackpool,Blackpool,Blackpool,E,National,Very High,0,0,1,0,1,0,0,0,1,0,0,0,0,0,0,0,0,0,0,0,0,0,0,https://www.gov.uk/guidance/tier-3-very-high-alert,
E06000025,South Gloucestershire,South Gloucestershire,South Gloucestershire,E,National,Very High,0,0,1,0,1,0,0,0,1,0,0,0,0,0,0,0,0,0,0,0,0,0,0,https://www.gov.uk/guidance/tier-3-very-high-alert,
E06000047,County Durham,County Durham,County Durham,E,National,Very High,0,0,1,0,1,0,0,0,1,0,0,0,0,0,0,0,0,0,0,0,0,0,0,https://www.gov.uk/guidance/tier-3-very-high-alert,
E06000015,Derby,Derby,Derby,E,National,Very High,0,0,1,0,1,0,0,0,1,0,0,0,0,0,0,0,0,0,0,0,0,0,0,https://www.gov.uk/guidance/tier-3-very-high-alert,
E07000032,Amber Valley,Derbyshire,Derbyshire,E,National,Very High,0,0,1,0,1,0,0,0,1,0,0,0,0,0,0,0,0,0,0,0,0,0,0,https://www.gov.uk/guidance/tier-3-very-high-alert,
E07000033,Bolsover,Derbyshire,Derbyshire,E,National,Very High,0,0,1,0,1,0,0,0,1,0,0,0,0,0,0,0,0,0,0,0,0,0,0,https://www.gov.uk/guidance/tier-3-very-high-alert,
E07000034,Chesterfield,Derbyshire,Derbyshire,E,National,Very High,0,0,1,0,1,0,0,0,1,0,0,0,0,0,0,0,0,0,0,0,0,0,0,https://www.gov.uk/guidance/tier-3-very-high-alert,
E07000035,Derbyshire Dales,Derbyshire,Derbyshire,E,National,Very High,0,0,1,0,1,0,0,0,1,0,0,0,0,0,0,0,0,0,0,0,0,0,0,https://www.gov.uk/guidance/tier-3-very-high-alert,
E07000036,Erewash,Derbyshire,Derbyshire,E,National,Very High,0,0,1,0,1,0,0,0,1,0,0,0,0,0,0,0,0,0,0,0,0,0,0,https://www.gov.uk/guidance/tier-3-very-high-alert,
E07000037,High Peak,Derbyshire,Derbyshire,E,National,Very High,0,0,1,0,1,0,0,0,1,0,0,0,0,0,0,0,0,0,0,0,0,0,0,https://www.gov.uk/guidance/tier-3-very-high-alert,
E07000038,North East Derbyshire,Derbyshire,Derbyshire,E,National,Very High,0,0,1,0,1,0,0,0,1,0,0,0,0,0,0,0,0,0,0,0,0,0,0,https://www.gov.uk/guidance/tier-3-very-high-alert,
E07000039,South Derbyshire,Derbyshire,Derbyshire,E,National,Very High,0,0,1,0,1,0,0,0,1,0,0,0,0,0,0,0,0,0,0,0,0,0,0,https://www.gov.uk/guidance/tier-3-very-high-alert,
E06000011,East Riding of Yorkshire,East Riding of Yorkshire,East Riding of Yorkshire,E,National,Very High,0,0,1,0,1,0,0,0,1,0,0,0,0,0,0,0,0,0,0,0,0,0,0,https://www.gov.uk/guidance/tier-3-very-high-alert,
E08000001,Bolton,Bolton,Greater Manchester,E,National,Very High,0,0,1,0,1,0,0,0,1,0,0,0,0,0,0,0,0,0,0,0,0,0,0,https://www.gov.uk/guidance/tier-3-very-high-alert,
E08000002,Bury,Bury,Greater Manchester,E,National,Very High,0,0,1,0,1,0,0,0,1,0,0,0,0,0,0,0,0,0,0,0,0,0,0,https://www.gov.uk/guidance/tier-3-very-high-alert,
E08000003,Manchester,Manchester,Greater Manchester,E,National,Very High,0,0,1,0,1,0,0,0,1,0,0,0,0,0,0,0,0,0,0,0,0,0,0,https://www.gov.uk/guidance/tier-3-very-high-alert,
E08000004,Oldham,Oldham,Greater Manchester,E,National,Very High,0,0,1,0,1,0,0,0,1,0,0,0,0,0,0,0,0,0,0,0,0,0,0,https://www.gov.uk/guidance/tier-3-very-high-alert,
E08000005,Rochdale,Rochdale,Greater Manchester,E,National,Very High,0,0,1,0,1,0,0,0,1,0,0,0,0,0,0,0,0,0,0,0,0,0,0,https://www.gov.uk/guidance/tier-3-very-high-alert,
E08000006,Salford,Salford,Greater Manchester,E,National,Very High,0,0,1,0,1,0,0,0,1,0,0,0,0,0,0,0,0,0,0,0,0,0,0,https://www.gov.uk/guidance/tier-3-very-high-alert,
E08000007,Stockport,Stockport,Greater Manchester,E,National,Very High,0,0,1,0,1,0,0,0,1,0,0,0,0,0,0,0,0,0,0,0,0,0,0,https://www.gov.uk/guidance/tier-3-very-high-alert,
E08000008,Tameside,Tameside,Greater Manchester,E,National,Very High,0,0,1,0,1,0,0,0,1,0,0,0,0,0,0,0,0,0,0,0,0,0,0,https://www.gov.uk/guidance/tier-3-very-high-alert,
E08000009,Trafford,Trafford,Greater Manchester,E,National,Very High,0,0,1,0,1,0,0,0,1,0,0,0,0,0,0,0,0,0,0,0,0,0,0,https://www.gov.uk/guidance/tier-3-very-high-alert,
E08000010,Wigan,Wigan,Greater Manchester,E,National,Very High,0,0,1,0,1,0,0,0,1,0,0,0,0,0,0,0,0,0,0,0,0,0,0,https://www.gov.uk/guidance/tier-3-very-high-alert,
E06000010,"Kingston upon Hull, City of","Kingston upon Hull, City of",Kingston upon Hull,E,National,Very High,0,0,1,0,1,0,0,0,1,0,0,0,0,0,0,0,0,0,0,0,0,0,0,https://www.gov.uk/guidance/tier-3-very-high-alert,
E07000117,Burnley,Lancashire,Lancashire,E,National,Very High,0,0,1,0,1,0,0,0,1,0,0,0,0,0,0,0,0,0,0,0,0,0,0,https://www.gov.uk/guidance/tier-3-very-high-alert,
E07000118,Chorley,Lancashire,Lancashire,E,National,Very High,0,0,1,0,1,0,0,0,1,0,0,0,0,0,0,0,0,0,0,0,0,0,0,https://www.gov.uk/guidance/tier-3-very-high-alert,
E07000119,Fylde,Lancashire,Lancashire,E,National,Very High,0,0,1,0,1,0,0,0,1,0,0,0,0,0,0,0,0,0,0,0,0,0,0,https://www.gov.uk/guidance/tier-3-very-high-alert,
E07000120,Hyndburn,Lancashire,Lancashire,E,National,Very High,0,0,1,0,1,0,0,0,1,0,0,0,0,0,0,0,0,0,0,0,0,0,0,https://www.gov.uk/guidance/tier-3-very-high-alert,
E07000121,Lancaster,Lancashire,Lancashire,E,National,Very High,0,0,1,0,1,0,0,0,1,0,0,0,0,0,0,0,0,0,0,0,0,0,0,https://www.gov.uk/guidance/tier-3-very-high-alert,
E07000122,Pendle,Lancashire,Lancashire,E,National,Very High,0,0,1,0,1,0,0,0,1,0,0,0,0,0,0,0,0,0,0,0,0,0,0,https://www.gov.uk/guidance/tier-3-very-high-alert,
E07000123,Preston,Lancashire,Lancashire,E,National,Very High,0,0,1,0,1,0,0,0,1,0,0,0,0,0,0,0,0,0,0,0,0,0,0,https://www.gov.uk/guidance/tier-3-very-high-alert,
E07000124,Ribble Valley,Lancashire,Lancashire,E,National,Very High,0,0,1,0,1,0,0,0,1,0,0,0,0,0,0,0,0,0,0,0,0,0,0,https://www.gov.uk/guidance/tier-3-very-high-alert,
E07000125,Rossendale,Lancashire,Lancashire,E,National,Very High,0,0,1,0,1,0,0,0,1,0,0,0,0,0,0,0,0,0,0,0,0,0,0,https://www.gov.uk/guidance/tier-3-very-high-alert,
E07000126,South Ribble,Lancashire,Lancashire,E,National,Very High,0,0,1,0,1,0,0,0,1,0,0,0,0,0,0,0,0,0,0,0,0,0,0,https://www.gov.uk/guidance/tier-3-very-high-alert,
E07000127,West Lancashire,Lancashire,Lancashire,E,National,Very High,0,0,1,0,1,0,0,0,1,0,0,0,0,0,0,0,0,0,0,0,0,0,0,https://www.gov.uk/guidance/tier-3-very-high-alert,
E07000128,Wyre,Lancashire,Lancashire,E,National,Very High,0,0,1,0,1,0,0,0,1,0,0,0,0,0,0,0,0,0,0,0,0,0,0,https://www.gov.uk/guidance/tier-3-very-high-alert,
E06000016,Leicester,Leicester,Leicester,E,National,Very High,0,0,1,0,1,0,0,0,1,0,0,0,0,0,0,0,0,0,0,0,0,0,0,https://www.gov.uk/guidance/tier-3-very-high-alert,
E07000129,Blaby,Leicestershire,Leicestershire,E,National,Very High,0,0,1,0,1,0,0,0,1,0,0,0,0,0,0,0,0,0,0,0,0,0,0,https://www.gov.uk/guidance/tier-3-very-high-alert,
E07000130,Charnwood,Leicestershire,Leicestershire,E,National,Very High,0,0,1,0,1,0,0,0,1,0,0,0,0,0,0,0,0,0,0,0,0,0,0,https://www.gov.uk/guidance/tier-3-very-high-alert,
E07000131,Harborough,Leicestershire,Leicestershire,E,National,Very High,0,0,1,0,1,0,0,0,1,0,0,0,0,0,0,0,0,0,0,0,0,0,0,https://www.gov.uk/guidance/tier-3-very-high-alert,
E07000132,Hinckley and Bosworth,Leicestershire,Leicestershire,E,National,Very High,0,0,1,0,1,0,0,0,1,0,0,0,0,0,0,0,0,0,0,0,0,0,0,https://www.gov.uk/guidance/tier-3-very-high-alert,
E07000133,Melton,Leicestershire,Leicestershire,E,National,Very High,0,0,1,0,1,0,0,0,1,0,0,0,0,0,0,0,0,0,0,0,0,0,0,https://www.gov.uk/guidance/tier-3-very-high-alert,
E07000134,North West Leicestershire,Leicestershire,Leicestershire,E,National,Very High,0,0,1,0,1,0,0,0,1,0,0,0,0,0,0,0,0,0,0,0,0,0,0,https://www.gov.uk/guidance/tier-3-very-high-alert,
E07000135,Oadby and Wigston,Leicestershire,Leicestershire,E,National,Very High,0,0,1,0,1,0,0,0,1,0,0,0,0,0,0,0,0,0,0,0,0,0,0,https://www.gov.uk/guidance/tier-3-very-high-alert,
E07000136,Boston,Lincolnshire,Lincolnshire,E,National,Very High,0,0,1,0,1,0,0,0,1,0,0,0,0,0,0,0,0,0,0,0,0,0,0,https://www.gov.uk/guidance/tier-3-very-high-alert,
E07000137,East Lindsey,Lincolnshire,Lincolnshire,E,National,Very High,0,0,1,0,1,0,0,0,1,0,0,0,0,0,0,0,0,0,0,0,0,0,0,https://www.gov.uk/guidance/tier-3-very-high-alert,
E07000138,Lincoln,Lincolnshire,Lincolnshire,E,National,Very High,0,0,1,0,1,0,0,0,1,0,0,0,0,0,0,0,0,0,0,0,0,0,0,https://www.gov.uk/guidance/tier-3-very-high-alert,
E07000139,North Kesteven,Lincolnshire,Lincolnshire,E,National,Very High,0,0,1,0,1,0,0,0,1,0,0,0,0,0,0,0,0,0,0,0,0,0,0,https://www.gov.uk/guidance/tier-3-very-high-alert,
E07000140,South Holland,Lincolnshire,Lincolnshire,E,National,Very High,0,0,1,0,1,0,0,0,1,0,0,0,0,0,0,0,0,0,0,0,0,0,0,https://www.gov.uk/guidance/tier-3-very-high-alert,
E07000141,South Kesteven,Lincolnshire,Lincolnshire,E,National,Very High,0,0,1,0,1,0,0,0,1,0,0,0,0,0,0,0,0,0,0,0,0,0,0,https://www.gov.uk/guidance/tier-3-very-high-alert,
E07000142,West Lindsey,Lincolnshire,Lincolnshire,E,National,Very High,0,0,1,0,1,0,0,0,1,0,0,0,0,0,0,0,0,0,0,0,0,0,0,https://www.gov.uk/guidance/tier-3-very-high-alert,
E06000012,North East Lincolnshire,North East Lincolnshire,North East Lincolnshire,E,National,Very High,0,0,1,0,1,0,0,0,1,0,0,0,0,0,0,0,0,0,0,0,0,0,0,https://www.gov.uk/guidance/tier-3-very-high-alert,
E06000013,North Lincolnshire,North Lincolnshire,North Lincolnshire,E,National,Very High,0,0,1,0,1,0,0,0,1,0,0,0,0,0,0,0,0,0,0,0,0,0,0,https://www.gov.uk/guidance/tier-3-very-high-alert,
E06000057,Northumberland,Northumberland,Northumberland,E,National,Very High,0,0,1,0,1,0,0,0,1,0,0,0,0,0,0,0,0,0,0,0,0,0,0,https://www.gov.uk/guidance/tier-3-very-high-alert,
E06000018,Nottingham,Nottingham,Nottingham,E,National,Very High,0,0,1,0,1,0,0,0,1,0,0,0,0,0,0,0,0,0,0,0,0,0,0,https://www.gov.uk/guidance/tier-3-very-high-alert,
E07000170,Ashfield,Nottinghamshire,Nottinghamshire,E,National,Very High,0,0,1,0,1,0,0,0,1,0,0,0,0,0,0,0,0,0,0,0,0,0,0,https://www.gov.uk/guidance/tier-3-very-high-alert,
E07000171,Bassetlaw,Nottinghamshire,Nottinghamshire,E,National,Very High,0,0,1,0,1,0,0,0,1,0,0,0,0,0,0,0,0,0,0,0,0,0,0,https://www.gov.uk/guidance/tier-3-very-high-alert,
E07000172,Broxtowe,Nottinghamshire,Nottinghamshire,E,National,Very High,0,0,1,0,1,0,0,0,1,0,0,0,0,0,0,0,0,0,0,0,0,0,0,https://www.gov.uk/guidance/tier-3-very-high-alert,
E07000173,Gedling,Nottinghamshire,Nottinghamshire,E,National,Very High,0,0,1,0,1,0,0,0,1,0,0,0,0,0,0,0,0,0,0,0,0,0,0,https://www.gov.uk/guidance/tier-3-very-high-alert,
E07000174,Mansfield,Nottinghamshire,Nottinghamshire,E,National,Very High,0,0,1,0,1,0,0,0,1,0,0,0,0,0,0,0,0,0,0,0,0,0,0,https://www.gov.uk/guidance/tier-3-very-high-alert,
E07000175,Newark and Sherwood,Nottinghamshire,Nottinghamshire,E,National,Very High,0,0,1,0,1,0,0,0,1,0,0,0,0,0,0,0,0,0,0,0,0,0,0,https://www.gov.uk/guidance/tier-3-very-high-alert,
E07000176,Rushcliffe,Nottinghamshire,Nottinghamshire,E,National,Very High,0,0,1,0,1,0,0,0,1,0,0,0,0,0,0,0,0,0,0,0,0,0,0,https://www.gov.uk/guidance/tier-3-very-high-alert,
E08000016,Barnsley,Barnsley,South Yorkshire,E,National,Very High,0,0,1,0,1,0,0,0,1,0,0,0,0,0,0,0,0,0,0,0,0,0,0,https://www.gov.uk/guidance/tier-3-very-high-alert,
E08000017,Doncaster,Doncaster,South Yorkshire,E,National,Very High,0,0,1,0,1,0,0,0,1,0,0,0,0,0,0,0,0,0,0,0,0,0,0,https://www.gov.uk/guidance/tier-3-very-high-alert,
E08000018,Rotherham,Rotherham,South Yorkshire,E,National,Very High,0,0,1,0,1,0,0,0,1,0,0,0,0,0,0,0,0,0,0,0,0,0,0,https://www.gov.uk/guidance/tier-3-very-high-alert,
E08000019,Sheffield,Sheffield,South Yorkshire,E,National,Very High,0,0,1,0,1,0,0,0,1,0,0,0,0,0,0,0,0,0,0,0,0,0,0,https://www.gov.uk/guidance/tier-3-very-high-alert,
E07000192,Cannock Chase,Staffordshire,Staffordshire,E,National,Very High,0,0,1,0,1,0,0,0,1,0,0,0,0,0,0,0,0,0,0,0,0,0,0,https://www.gov.uk/guidance/tier-3-very-high-alert,
E07000193,East Staffordshire,Staffordshire,Staffordshire,E,National,Very High,0,0,1,0,1,0,0,0,1,0,0,0,0,0,0,0,0,0,0,0,0,0,0,https://www.gov.uk/guidance/tier-3-very-high-alert,
E07000194,Lichfield,Staffordshire,Staffordshire,E,National,Very High,0,0,1,0,1,0,0,0,1,0,0,0,0,0,0,0,0,0,0,0,0,0,0,https://www.gov.uk/guidance/tier-3-very-high-alert,
E07000195,Newcastle-under-Lyme,Staffordshire,Staffordshire,E,National,Very High,0,0,1,0,1,0,0,0,1,0,0,0,0,0,0,0,0,0,0,0,0,0,0,https://www.gov.uk/guidance/tier-3-very-high-alert,
E07000196,South Staffordshire,Staffordshire,Staffordshire,E,National,Very High,0,0,1,0,1,0,0,0,1,0,0,0,0,0,0,0,0,0,0,0,0,0,0,https://www.gov.uk/guidance/tier-3-very-high-alert,
E07000197,Stafford,Staffordshire,Staffordshire,E,National,Very High,0,0,1,0,1,0,0,0,1,0,0,0,0,0,0,0,0,0,0,0,0,0,0,https://www.gov.uk/guidance/tier-3-very-high-alert,
E07000198,Staffordshire Moorlands,Staffordshire,Staffordshire,E,National,Very High,0,0,1,0,1,0,0,0,1,0,0,0,0,0,0,0,0,0,0,0,0,0,0,https://www.gov.uk/guidance/tier-3-very-high-alert,
E07000199,Tamworth,Staffordshire,Staffordshire,E,National,Very High,0,0,1,0,1,0,0,0,1,0,0,0,0,0,0,0,0,0,0,0,0,0,0,https://www.gov.uk/guidance/tier-3-very-high-alert,
E06000021,Stoke-on-Trent,Stoke-on-Trent,Stoke-on-Trent,E,National,Very High,0,0,1,0,1,0,0,0,1,0,0,0,0,0,0,0,0,0,0,0,0,0,0,https://www.gov.uk/guidance/tier-3-very-high-alert,
E06000001,Hartlepool,Hartlepool,Tees Valley,E,National,Very High,0,0,1,0,1,0,0,0,1,0,0,0,0,0,0,0,0,0,0,0,0,0,0,https://www.gov.uk/guidance/tier-3-very-high-alert,
E06000002,Middlesbrough,Middlesbrough,Tees Valley,E,National,Very High,0,0,1,0,1,0,0,0,1,0,0,0,0,0,0,0,0,0,0,0,0,0,0,https://www.gov.uk/guidance/tier-3-very-high-alert,
E06000003,Redcar and Cleveland,Redcar and Cleveland,Tees Valley,E,National,Very High,0,0,1,0,1,0,0,0,1,0,0,0,0,0,0,0,0,0,0,0,0,0,0,https://www.gov.uk/guidance/tier-3-very-high-alert,
E06000004,Stockton-on-Tees,Stockton-on-Tees,Tees Valley,E,National,Very High,0,0,1,0,1,0,0,0,1,0,0,0,0,0,0,0,0,0,0,0,0,0,0,https://www.gov.uk/guidance/tier-3-very-high-alert,
E06000005,Darlington,Darlington,Tees Valley,E,National,Very High,0,0,1,0,1,0,0,0,1,0,0,0,0,0,0,0,0,0,0,0,0,0,0,https://www.gov.uk/guidance/tier-3-very-high-alert,
E08000021,Newcastle upon Tyne,Newcastle upon Tyne,Tyne and Wear,E,National,Very High,0,0,1,0,1,0,0,0,1,0,0,0,0,0,0,0,0,0,0,0,0,0,0,https://www.gov.uk/guidance/tier-3-very-high-alert,
E08000022,North Tyneside,North Tyneside,Tyne and Wear,E,National,Very High,0,0,1,0,1,0,0,0,1,0,0,0,0,0,0,0,0,0,0,0,0,0,0,https://www.gov.uk/guidance/tier-3-very-high-alert,
E08000023,South Tyneside,South Tyneside,Tyne and Wear,E,National,Very High,0,0,1,0,1,0,0,0,1,0,0,0,0,0,0,0,0,0,0,0,0,0,0,https://www.gov.uk/guidance/tier-3-very-high-alert,
E08000024,Sunderland,Sunderland,Tyne and Wear,E,National,Very High,0,0,1,0,1,0,0,0,1,0,0,0,0,0,0,0,0,0,0,0,0,0,0,https://www.gov.uk/guidance/tier-3-very-high-alert,
E08000037,Gateshead,Gateshead,Tyne and Wear,E,National,Very High,0,0,1,0,1,0,0,0,1,0,0,0,0,0,0,0,0,0,0,0,0,0,0,https://www.gov.uk/guidance/tier-3-very-high-alert,
E07000218,North Warwickshire,Warwickshire,Warwickshire,E,National,Very High,0,0,1,0,1,0,0,0,1,0,0,0,0,0,0,0,0,0,0,0,0,0,0,https://www.gov.uk/guidance/tier-3-very-high-alert,
E07000219,Nuneaton and Bedworth,Warwickshire,Warwickshire,E,National,Very High,0,0,1,0,1,0,0,0,1,0,0,0,0,0,0,0,0,0,0,0,0,0,0,https://www.gov.uk/guidance/tier-3-very-high-alert,
E07000220,Rugby,Warwickshire,Warwickshire,E,National,Very High,0,0,1,0,1,0,0,0,1,0,0,0,0,0,0,0,0,0,0,0,0,0,0,https://www.gov.uk/guidance/tier-3-very-high-alert,
E07000221,Stratford-on-Avon,Warwickshire,Warwickshire,E,National,Very High,0,0,1,0,1,0,0,0,1,0,0,0,0,0,0,0,0,0,0,0,0,0,0,https://www.gov.uk/guidance/tier-3-very-high-alert,
E07000222,Warwick,Warwickshire,Warwickshire,E,National,Very High,0,0,1,0,1,0,0,0,1,0,0,0,0,0,0,0,0,0,0,0,0,0,0,https://www.gov.uk/guidance/tier-3-very-high-alert,
E08000025,Birmingham,Birmingham,West Midlands Combined Authority,E,National,Very High,0,0,1,0,1,0,0,0,1,0,0,0,0,0,0,0,0,0,0,0,0,0,0,https://www.gov.uk/guidance/tier-3-very-high-alert,
E08000026,Coventry,Coventry,West Midlands Combined Authority,E,National,Very High,0,0,1,0,1,0,0,0,1,0,0,0,0,0,0,0,0,0,0,0,0,0,0,https://www.gov.uk/guidance/tier-3-very-high-alert,
E08000027,Dudley,Dudley,West Midlands Combined Authority,E,National,Very High,0,0,1,0,1,0,0,0,1,0,0,0,0,0,0,0,0,0,0,0,0,0,0,https://www.gov.uk/guidance/tier-3-very-high-alert,
E08000028,Sandwell,Sandwell,West Midlands Combined Authority,E,National,Very High,0,0,1,0,1,0,0,0,1,0,0,0,0,0,0,0,0,0,0,0,0,0,0,https://www.gov.uk/guidance/tier-3-very-high-alert,
E08000029,Solihull,Solihull,West Midlands Combined Authority,E,National,Very High,0,0,1,0,1,0,0,0,1,0,0,0,0,0,0,0,0,0,0,0,0,0,0,https://www.gov.uk/guidance/tier-3-very-high-alert,
E08000030,Walsall,Walsall,West Midlands Combined Authority,E,National,Very High,0,0,1,0,1,0,0,0,1,0,0,0,0,0,0,0,0,0,0,0,0,0,0,https://www.gov.uk/guidance/tier-3-very-high-alert,
E08000031,Wolverhampton,Wolverhampton,West Midlands Combined Authority,E,National,Very High,0,0,1,0,1,0,0,0,1,0,0,0,0,0,0,0,0,0,0,0,0,0,0,https://www.gov.uk/guidance/tier-3-very-high-alert,
E08000032,Bradford,Bradford,West Yorkshire,E,National,Very High,0,0,1,0,1,0,0,0,1,0,0,0,0,0,0,0,0,0,0,0,0,0,0,https://www.gov.uk/guidance/tier-3-very-high-alert,
E08000033,Calderdale,Calderdale,West Yorkshire,E,National,Very High,0,0,1,0,1,0,0,0,1,0,0,0,0,0,0,0,0,0,0,0,0,0,0,https://www.gov.uk/guidance/tier-3-very-high-alert,
E08000034,Kirklees,Kirklees,West Yorkshire,E,National,Very High,0,0,1,0,1,0,0,0,1,0,0,0,0,0,0,0,0,0,0,0,0,0,0,https://www.gov.uk/guidance/tier-3-very-high-alert,
E08000035,Leeds,Leeds,West Yorkshire,E,National,Very High,0,0,1,0,1,0,0,0,1,0,0,0,0,0,0,0,0,0,0,0,0,0,0,https://www.gov.uk/guidance/tier-3-very-high-alert,
E08000036,Wakefield,Wakefield,West Yorkshire,E,National,Very High,0,0,1,0,1,0,0,0,1,0,0,0,0,0,0,0,0,0,0,0,0,0,0,https://www.gov.uk/guidance/tier-3-very-high-alert,
N09000001,Antrim and Newtownabbey,,Northern Ireland,N,National,,0,0,0,0,0,0,0,0,0,0,0,0,0,1,1,0,0,0,1,1,1,1,0,,https://www.nidirect.gov.uk/articles/coronavirus-covid-19-regulations-guidance-what-restrictions-mean-you
N09000002,"Armagh City, Banbridge and Craigavon",,Northern Ireland,N,National,,0,0,0,0,0,0,0,0,0,0,0,0,0,1,1,0,0,0,1,1,1,1,0,,https://www.nidirect.gov.uk/articles/coronavirus-covid-19-regulations-guidance-what-restrictions-mean-you
N09000003,Belfast,,Northern Ireland,N,National,,0,0,0,0,0,0,0,0,0,0,0,0,0,1,1,0,0,0,1,1,1,1,0,,https://www.nidirect.gov.uk/articles/coronavirus-covid-19-regulations-guidance-what-restrictions-mean-you
N09000004,Causeway Coast and Glens,,Northern Ireland,N,National,,0,0,0,0,0,0,0,0,0,0,0,0,0,1,1,0,0,0,1,1,1,1,0,,https://www.nidirect.gov.uk/articles/coronavirus-covid-19-regulations-guidance-what-restrictions-mean-you
N09000005,Derry City and Strabane,,Northern Ireland,N,National,,0,0,0,0,0,0,0,0,0,0,0,0,0,1,1,0,0,0,1,1,1,1,0,,https://www.nidirect.gov.uk/articles/coronavirus-covid-19-regulations-guidance-what-restrictions-mean-you
N09000006,Fermanagh and Omagh,,Northern Ireland,N,National,,0,0,0,0,0,0,0,0,0,0,0,0,0,1,1,0,0,0,1,1,1,1,0,,https://www.nidirect.gov.uk/articles/coronavirus-covid-19-regulations-guidance-what-restrictions-mean-you
N09000007,Lisburn and Castlereagh,,Northern Ireland,N,National,,0,0,0,0,0,0,0,0,0,0,0,0,0,1,1,0,0,0,1,1,1,1,0,,https://www.nidirect.gov.uk/articles/coronavirus-covid-19-regulations-guidance-what-restrictions-mean-you
N09000008,Mid and East Antrim,,Northern Ireland,N,National,,0,0,0,0,0,0,0,0,0,0,0,0,0,1,1,0,0,0,1,1,1,1,0,,https://www.nidirect.gov.uk/articles/coronavirus-covid-19-regulations-guidance-what-restrictions-mean-you
N09000009,Mid Ulster,,Northern Ireland,N,National,,0,0,0,0,0,0,0,0,0,0,0,0,0,1,1,0,0,0,1,1,1,1,0,,https://www.nidirect.gov.uk/articles/coronavirus-covid-19-regulations-guidance-what-restrictions-mean-you
N09000010,"Newry, Mourne and Down",,Northern Ireland,N,National,,0,0,0,0,0,0,0,0,0,0,0,0,0,1,1,0,0,0,1,1,1,1,0,,https://www.nidirect.gov.uk/articles/coronavirus-covid-19-regulations-guidance-what-restrictions-mean-you
N09000011,Ards and North Down,,Northern Ireland,N,National,,0,0,0,0,0,0,0,0,0,0,0,0,0,1,1,0,0,0,1,1,1,1,0,,https://www.nidirect.gov.uk/articles/coronavirus-covid-19-regulations-guidance-what-restrictions-mean-you
